Modification,Improvement_Pct
DSP,17.543921737573694
Stacking,16.27459351173878
L1 Norm,4.936162724935811
Color,-1.6205174921818937
